{
    "mean_fit_time": [
        0.3056512673695882,
        0.2674367427825928,
        0.2869863510131836,
        0.23975523312886557,
        0.12599968910217285,
        0.11600025494893391,
        0.11331510543823242,
        0.11800082524617513,
        0.11092042922973633,
        0.11690894762674968,
        0.10200039545694987,
        0.11466606458028157,
        0.11466701825459798,
        0.09933272997538249,
        0.09833319981892903,
        0.10998098055521648
    ],
    "std_fit_time": [
        0.010657239732239572,
        0.04470188205690053,
        0.0353662635224614,
        0.03708203362744089,
        0.013490784785234975,
        0.007788530705030649,
        0.0037039121213701598,
        0.0016333616369993505,
        0.002709497324060784,
        0.00525229628794892,
        0.0048988190843288195,
        0.012919176555988475,
        0.01651908172954858,
        0.0020548233502432956,
        0.0004709769932174506,
        0.011584329290197995
    ],
    "mean_score_time": [
        227.5034021536509,
        221.19719354311624,
        225.5626277923584,
        218.18007969856262,
        214.82164525985718,
        207.89185992876688,
        215.44053347905478,
        205.74553481737772,
        784.157897233963,
        778.6207982699076,
        788.4314904212952,
        797.9061752955118,
        755.1095322767893,
        754.9730956554413,
        759.4517962137858,
        749.9834125836691
    ],
    "std_score_time": [
        2.0735916727275354,
        1.5742797815247471,
        2.75008199950461,
        1.5796280287996705,
        0.7641594101430199,
        4.834767106196373,
        1.9880001908015665,
        3.0316409468283205,
        6.3114785193079,
        7.14075951005563,
        13.54331627518844,
        6.1331498967434035,
        4.094849811320523,
        5.11505009391027,
        5.287380480923969,
        5.012758054742881
    ],
    "param_metric": [
        "euclidean",
        "euclidean",
        "euclidean",
        "euclidean",
        "euclidean",
        "euclidean",
        "euclidean",
        "euclidean",
        "manhattan",
        "manhattan",
        "manhattan",
        "manhattan",
        "manhattan",
        "manhattan",
        "manhattan",
        "manhattan"
    ],
    "param_n_neighbors": [
        3,
        3,
        5,
        5,
        7,
        7,
        9,
        9,
        3,
        3,
        5,
        5,
        7,
        7,
        9,
        9
    ],
    "param_weights": [
        "uniform",
        "distance",
        "uniform",
        "distance",
        "uniform",
        "distance",
        "uniform",
        "distance",
        "uniform",
        "distance",
        "uniform",
        "distance",
        "uniform",
        "distance",
        "uniform",
        "distance"
    ],
    "params": [
        {
            "metric": "euclidean",
            "n_neighbors": 3,
            "weights": "uniform"
        },
        {
            "metric": "euclidean",
            "n_neighbors": 3,
            "weights": "distance"
        },
        {
            "metric": "euclidean",
            "n_neighbors": 5,
            "weights": "uniform"
        },
        {
            "metric": "euclidean",
            "n_neighbors": 5,
            "weights": "distance"
        },
        {
            "metric": "euclidean",
            "n_neighbors": 7,
            "weights": "uniform"
        },
        {
            "metric": "euclidean",
            "n_neighbors": 7,
            "weights": "distance"
        },
        {
            "metric": "euclidean",
            "n_neighbors": 9,
            "weights": "uniform"
        },
        {
            "metric": "euclidean",
            "n_neighbors": 9,
            "weights": "distance"
        },
        {
            "metric": "manhattan",
            "n_neighbors": 3,
            "weights": "uniform"
        },
        {
            "metric": "manhattan",
            "n_neighbors": 3,
            "weights": "distance"
        },
        {
            "metric": "manhattan",
            "n_neighbors": 5,
            "weights": "uniform"
        },
        {
            "metric": "manhattan",
            "n_neighbors": 5,
            "weights": "distance"
        },
        {
            "metric": "manhattan",
            "n_neighbors": 7,
            "weights": "uniform"
        },
        {
            "metric": "manhattan",
            "n_neighbors": 7,
            "weights": "distance"
        },
        {
            "metric": "manhattan",
            "n_neighbors": 9,
            "weights": "uniform"
        },
        {
            "metric": "manhattan",
            "n_neighbors": 9,
            "weights": "distance"
        }
    ],
    "split0_test_score": [
        0.511440097276344,
        0.5118070525185576,
        0.5094617542591532,
        0.5098086872346477,
        0.5015763045358552,
        0.5019947445198422,
        0.49591091171471113,
        0.49622700617872734,
        0.5121348368043535,
        0.5127844914586083,
        0.506634285408897,
        0.5081976584785372,
        0.501402412478448,
        0.5029667726220609,
        0.4971785054811685,
        0.49859685109912816
    ],
    "split1_test_score": [
        0.5131935255765534,
        0.5133971258312505,
        0.5093742230440994,
        0.5092784184300407,
        0.5039865980993153,
        0.5041170427986934,
        0.495540088063006,
        0.4961752699102311,
        0.5132685639359411,
        0.5133768283638012,
        0.5072880366736336,
        0.5087917209364513,
        0.5033751063543275,
        0.5044890195615881,
        0.4963204850494209,
        0.49744361665424397
    ],
    "split2_test_score": [
        0.5146780782970974,
        0.5146970442787142,
        0.5093833286844092,
        0.5095149857761033,
        0.5011574806075557,
        0.5014739323795181,
        0.49682511524675127,
        0.49739209723329353,
        0.5149671802447032,
        0.515058760700689,
        0.510003148052183,
        0.5103115130065052,
        0.5028185370818081,
        0.5032139320242204,
        0.49626951045522405,
        0.49798503080818735
    ],
    "mean_test_score": [
        0.5131039003833316,
        0.5133004075428408,
        0.5094064353292206,
        0.5095340304802639,
        0.5022401277475753,
        0.5025285732326845,
        0.49609203834148946,
        0.49659812444075063,
        0.5134568603283326,
        0.5137400268410328,
        0.5079751567115712,
        0.5091002974738312,
        0.5025320186381945,
        0.5035565747359565,
        0.4965895003286045,
        0.4980084995205198
    ],
    "std_test_score": [
        0.0013234184974615121,
        0.0011818146820117839,
        3.9292630165878486e-05,
        0.00021689978769351943,
        0.0012467216711196246,
        0.0011431646113543735,
        0.000540017812630386,
        0.0005618207049959568,
        0.0011639398580006418,
        0.000963331025406521,
        0.0014586316275271149,
        0.0008901347654218173,
        0.0008304416077731165,
        0.0006670142213148385,
        0.0004170091163061057,
        0.00047109836662898323
    ],
    "rank_test_score": [
        4,
        3,
        6,
        5,
        12,
        11,
        16,
        14,
        2,
        1,
        8,
        7,
        10,
        9,
        15,
        13
    ]
}